Object;Object_type;Project;Toelichting;Wie bellen?
Botlektunnel;Tunnel;MaVa;Middentunnelkanaal voor vlucht;
Botlekbrug;Brug;MaVa;;
Thomassentunnel;Tunnel;MaVa;Middentunnelkanaal voor vlucht;
A15;Tracé;MaVa;;
Rottermerentunnel;Tunnel;Groene Boog A16;;
A16;Tracé;Groene Boog A16;;
Maastunnel;Tunnel;Maastunnel;Tunnel met dwarsverbindingen;Peter
Fietstunnel;Tunnel;Maastunnel;;
Voetgangerstunnel;Tunnel;Maastunnel;;
Noordersluis;Sluis;Sluis Eefde;;
Zuidersluis;Sluis;Sluis Eefde;;
Velserunnel;Tunnel;Velsertunnel;Middentunnelkanaal voor vlucht;
A22;Tracé;Velsertunnel;;
Coentunnel;Tunnel;Coentunnel-tracé;Middentunnelkanaal voor vlucht;
A10;Tracé;Coentunnel-tracé;;
Tunnel;Tunnel;Rijnlandroute;Tunnel met dwarsverbindingen;
N434;Tracé;Rijnlandroute;;
Brug;Brug;GOBS;5 bruggen;
Sluis;Sluis;GOBS;11 sluizen;
Westerscheldetunnel;Tunnel;Westerscheldetunnel;Tunnel met dwarsverbindingen;
N62;Tracé;Westerscheldetunnel;;
Sluiskiltunnel;Tunnel;Sluiskiltunnel;;
N61;Tracé;Sluiskiltunnel;;Martijn Bastiaanse
N62;Tracé;Sluiskiltunnel;;
Maaslandkering Noord;Kering;Maasland hartelkering;Officieel is het de Measlantkering;
Maaslandkering Zuid;Kering;Maasland hartelkering;;
Hartelkering;Kering;Maasland hartelkering;;
Brug;Brug;VOBO;11 bruggen (Wantijbrug uit scope door renovatie en Brug over de Volkeraksluizen is toegevoegd in scope);Florian
Sluis;Sluis;VOBO;4 sluizen;
;;2e Heinenoord;;??
;;2e Heinenoord;;??
